{"flutter":{"platforms":{"android":{"default":{"projectId":"cmsc-23-ex9","appId":"1:155325391968:android:0c4a2890aad80462b78f05","fileOutput":"android/app/google-services.json"}},"dart":{"lib/firebase_options.dart":{"projectId":"cmsc-23-ex9","configurations":{"android":"1:155325391968:android:0c4a2890aad80462b78f05","ios":"1:155325391968:ios:ef56cd672d183e2bb78f05","macos":"1:155325391968:ios:ef56cd672d183e2bb78f05","web":"1:155325391968:web:95b8476fcfddd0bdb78f05","windows":"1:155325391968:web:253fba8ab6fae449b78f05"}}}}}}