{"flutter":{"platforms":{"android":{"default":{"projectId":"cmsc23-exer-08","appId":"1:1033876637127:android:390ef10973317732dd45e2","fileOutput":"android/app/google-services.json"}},"dart":{"lib/firebase_options.dart":{"projectId":"cmsc23-exer-08","configurations":{"android":"1:1033876637127:android:390ef10973317732dd45e2","ios":"1:1033876637127:ios:21e6615e8106f5b5dd45e2","macos":"1:1033876637127:ios:21e6615e8106f5b5dd45e2","web":"1:1033876637127:web:41306f918ab8a367dd45e2","windows":"1:1033876637127:web:a995943a29c11415dd45e2"}}}}}}