{"flutter":{"platforms":{"android":{"default":{"projectId":"travel-planner-64439","appId":"1:681145363568:android:224c1cf2f242003a2ad8b5","fileOutput":"android/app/google-services.json"}},"dart":{"lib/firebase_options.dart":{"projectId":"travel-planner-64439","configurations":{"android":"1:681145363568:android:224c1cf2f242003a2ad8b5","ios":"1:681145363568:ios:ef52fd977ae85b512ad8b5","macos":"1:681145363568:ios:ef52fd977ae85b512ad8b5","web":"1:681145363568:web:7267042adff411d12ad8b5","windows":"1:681145363568:web:c728ed27377b07af2ad8b5"}}}}}}