{
  "project_info": {
    "project_number": "1033876637127",
    "project_id": "cmsc23-exer-08",
    "storage_bucket": "cmsc23-exer-08.firebasestorage.app"
  },
  "client": [
    {
      "client_info": {
        "mobilesdk_app_id": "1:1033876637127:android:390ef10973317732dd45e2",
        "android_client_info": {
          "package_name": "com.example.my_app"
        }
      },
      "oauth_client": [],
      "api_key": [
        {
          "current_key": "AIzaSyDnl5Y2-nFWJ5z1BKYfsRO1oh4-4BXzg5c"
        }
      ],
      "services": {
        "appinvite_service": {
          "other_platform_oauth_client": []
        }
      }
    }
  ],
  "configuration_version": "1"
}