{
  "project_info": {
    "project_number": "155325391968",
    "project_id": "cmsc-23-ex9",
    "storage_bucket": "cmsc-23-ex9.firebasestorage.app"
  },
  "client": [
    {
      "client_info": {
        "mobilesdk_app_id": "1:155325391968:android:0c4a2890aad80462b78f05",
        "android_client_info": {
          "package_name": "com.example.my_app"
        }
      },
      "oauth_client": [],
      "api_key": [
        {
          "current_key": "AIzaSyCv-1W6KlrxHXurSTs73Ze3t9mOOJT0FVY"
        }
      ],
      "services": {
        "appinvite_service": {
          "other_platform_oauth_client": []
        }
      }
    }
  ],
  "configuration_version": "1"
}